act1,act2,0,1,2,3,4,5,6,7,8,9,10,11,12,13,14,15,16,17,18,19,20,21,22,23,24,25,26,27,28,29,30,31,32,33,34,35,36,37,38,39,40,41,42,43,44,45,46,47,48,49,50,51,52,53,54,55,56,57,58,59,60,61,62,63,64,65,66,67,68,69,70,71,72,73,74
Archive,Archive,0,0,0,0,0,0,0,0,0,0,0,0,0,0,0,0,0,0,0,0,0,0,0,0,0,0,0,0,0,0,0,0,0,0,0,0,0,0,0,0,0,0,0,0,0,0,0,0,0,0,0,0,0,0,0,0,0,0,0,0,0,0,0,0,0,0,0,0,0,0,0,0,0,0,0
Archive,Contact Hospital,0,0,0,0,0,0,0,0,0,0,0,0,0,0,0,0,0,0,0,0,0,0,0,0,0,0,0,0,0,0,0,0,0,0,0,0,0,0,0,0,0,0,0,0,0,0,0,0,0,0,0,0,0,0,0,0,0,0,0,0,0,0,0,0,0,0,0,0,0,0,0,0,0,0,0
Archive,Create Questionnaire,0,0,0,0,0,0,0,0,0,0,0,0,0,0,0,0,0,0,0,0,0,0,0,0,0,0,0,0,0,0,0,0,0,0,0,0,0,0,0,0,0,0,0,0,0,0,0,0,0,0,0,0,0,0,0,0,0,0,0,0,0,0,0,0,0,0,0,0,0,0,0,0,0,0,0
Archive,High Insurance Check,0,0,0,0,0,0,0,0,0,0,0,0,0,0,0,0,0,0,0,0,0,0,0,0,0,0,0,0,0,0,0,0,0,0,0,0,0,0,0,0,0,0,0,0,0,0,0,0,0,0,0,0,0,0,0,0,0,0,0,0,0,0,0,0,0,0,0,0,0,0,0,0,0,0,0
Archive,High Medical History,0,0,0,0,0,0,0,0,0,0,0,0,0,0,0,0,0,0,0,0,0,0,0,0,0,0,0,0,0,0,0,0,0,0,0,0,0,0,0,0,0,0,0,0,0,0,0,0,0,0,0,0,0,0,0,0,0,0,0,0,0,0,0,0,0,0,0,0,0,0,0,0,0,0,0
Archive,Low Insurance Check,0,0,0,0,0,0,0,0,0,0,0,0,0,0,0,0,0,0,0,0,0,0,0,0,0,0,0,0,0,0,0,0,0,0,0,0,0,0,0,0,0,0,0,0,0,0,0,0,0,0,0,0,0,0,0,0,0,0,0,0,0,0,0,0,0,0,0,0,0,0,0,0,0,0,0
Archive,Low Medical History,0,0,0,0,0,0,0,0,0,0,0,0,0,0,0,0,0,0,0,0,0,0,0,0,0,0,0,0,0,0,0,0,0,0,0,0,0,0,0,0,0,0,0,0,0,0,0,0,0,0,0,0,0,0,0,0,0,0,0,0,0,0,0,0,0,0,0,0,0,0,0,0,0,0,0
Archive,Prepare Notification Content,0,0,0,0,0,0,0,0,0,0,0,0,0,0,0,0,0,0,0,0,0,0,0,0,0,0,0,0,0,0,0,0,0,0,0,0,0,0,0,0,0,0,0,0,0,0,0,0,0,0,0,0,0,0,0,0,0,0,0,0,0,0,0,0,0,0,0,0,0,0,0,0,0,0,0
Archive,Receive Questionnaire Response,0,0,0,0,0,0,0,0,0,0,0,0,0,0,0,0,0,0,0,0,0,0,0,0,0,0,0,0,0,0,0,0,0,0,0,0,0,0,0,0,0,0,0,0,0,0,0,0,0,0,0,0,0,0,0,0,0,0,0,0,0,0,0,0,0,0,0,0,0,0,0,0,0,0,0
Archive,Register,0,0,0,0,0,0,1,0,1,1,0,1,1,1,0,0,0,1,1,1,0,0,0,0,0,0,1,0,0,0,0,1,1,0,0,1,0,0,1,0,0,0,0,0,0,0,0,0,0,0,0,0,0,0,0,0,0,0,0,0,0,0,0,0,0,0,0,0,0,0,0,0,0,0,0
Archive,Send Notification by Phone,0,0,0,0,0,0,0,0,0,0,0,0,0,0,0,0,0,0,0,0,0,0,0,0,0,0,0,0,0,0,0,0,0,0,0,0,0,0,0,0,0,0,0,0,0,0,0,0,0,0,0,0,0,0,0,0,0,0,0,0,0,0,0,0,0,0,0,0,0,0,0,0,0,0,0
Archive,Send Notification by Post,0,0,0,0,0,0,0,0,0,0,0,0,0,0,0,0,0,0,0,0,0,0,0,0,0,0,0,0,0,0,0,0,0,0,0,0,0,0,0,0,0,0,0,0,0,0,0,0,0,0,0,0,0,0,0,0,0,0,0,0,0,0,0,0,0,0,0,0,0,0,0,0,0,0,0
Archive,Send Notification by e-mail,0,0,0,0,0,0,0,0,0,0,0,0,0,0,0,0,0,0,0,0,0,0,0,0,0,0,0,0,0,0,0,0,0,0,0,0,0,0,0,0,0,0,0,0,0,0,0,0,0,0,0,0,0,0,0,0,0,0,0,0,0,0,0,0,0,0,0,0,0,0,0,0,0,0,0
Archive,Send Questionnaire,0,0,0,0,0,0,0,0,0,0,0,0,0,0,0,0,0,0,0,0,0,0,0,0,0,0,0,0,0,0,0,0,0,0,0,0,0,0,0,0,0,0,0,0,0,0,0,0,0,0,0,0,0,0,0,0,0,0,0,0,0,0,0,0,0,0,0,0,0,0,0,0,0,0,0
Archive,Skip Questionnaire,0,0,0,0,0,0,0,0,0,0,0,0,0,0,0,0,0,0,0,0,0,0,0,0,0,0,0,0,0,0,0,0,0,0,0,0,0,0,0,0,0,0,0,0,0,0,0,0,0,0,0,0,0,0,0,0,0,0,0,0,0,0,0,0,0,0,0,0,0,0,0,0,0,0,0
Contact Hospital,Archive,0,0,0,0,0,0,0,0,0,0,0,0,0,0,0,0,0,0,0,0,0,0,0,0,0,0,0,0,0,0,0,0,0,0,0,0,0,0,0,0,0,0,0,0,0,0,0,0,0,0,0,0,0,0,0,0,0,0,0,0,0,0,0,0,0,0,0,0,0,0,0,0,0,0,0
Contact Hospital,Contact Hospital,0,0,0,0,0,0,0,0,0,0,0,0,0,0,0,0,0,0,0,0,0,0,0,0,0,0,0,0,0,0,0,0,0,0,0,0,0,0,0,0,0,0,0,0,0,0,0,0,0,0,0,0,0,0,0,0,0,0,0,0,0,0,0,0,0,0,0,0,0,0,0,0,0,0,0
Contact Hospital,Create Questionnaire,2,7,4,2,5,4,4,7,2,6,3,3,8,4,2,1,2,0,4,2,6,2,3,4,0,2,4,2,2,2,1,1,1,2,6,2,2,2,2,5,0,0,3,1,3,2,3,1,1,2,0,2,4,1,5,4,1,1,4,2,2,1,4,1,1,3,2,1,2,1,0,1,0,2,5
Contact Hospital,High Insurance Check,7,7,12,11,8,16,7,14,8,8,14,6,15,5,4,1,0,0,0,0,0,0,0,0,0,0,0,0,0,0,0,0,0,0,0,0,0,0,0,0,0,0,0,0,0,0,0,0,0,0,0,0,0,0,0,0,0,0,0,0,0,0,0,0,0,0,0,0,0,0,0,0,0,0,0
Contact Hospital,High Medical History,7,9,11,11,9,10,12,4,8,10,9,10,5,10,11,3,0,0,0,0,0,0,0,0,0,0,0,0,0,0,0,0,0,0,0,0,0,0,0,0,0,0,0,0,0,0,0,0,0,0,0,0,0,0,0,0,0,0,0,0,0,0,0,0,0,0,0,0,0,0,0,0,0,0,0
Contact Hospital,Low Insurance Check,0,0,0,0,0,0,0,0,0,0,0,0,0,0,0,0,0,0,0,0,0,0,0,0,0,0,0,0,0,0,0,0,0,0,0,0,0,0,0,0,0,0,0,0,0,0,0,0,0,0,0,0,0,0,0,0,0,0,0,0,0,0,0,0,0,0,0,0,0,0,0,0,0,0,0
Contact Hospital,Low Medical History,0,0,0,0,0,0,0,0,0,0,0,0,0,0,0,0,0,0,0,0,0,0,0,0,0,0,0,0,0,0,0,0,0,0,0,0,0,0,0,0,0,0,0,0,0,0,0,0,0,0,0,0,0,0,0,0,0,0,0,0,0,0,0,0,0,0,0,0,0,0,0,0,0,0,0
Contact Hospital,Prepare Notification Content,9,7,4,5,6,4,5,5,10,9,12,4,7,9,10,6,4,6,5,5,2,7,7,6,8,5,3,4,6,6,3,5,2,7,3,6,8,11,2,6,10,4,4,7,8,3,2,4,5,6,3,2,5,3,2,4,2,4,2,6,4,7,5,4,7,2,11,3,6,6,6,14,5,5,2
Contact Hospital,Receive Questionnaire Response,0,0,0,0,0,0,0,0,0,0,0,0,0,0,0,0,0,0,0,0,0,0,0,0,0,0,0,0,0,0,0,0,0,0,0,0,0,0,0,0,0,0,0,0,0,0,0,0,0,0,0,0,0,0,0,0,0,0,0,0,0,1,0,0,0,0,0,0,0,0,0,0,0,0,0
Contact Hospital,Register,0,0,0,0,0,0,0,0,0,0,0,0,0,0,0,0,0,0,0,0,0,0,0,0,0,0,0,0,0,0,0,0,0,0,0,0,0,0,0,0,0,0,0,0,0,0,0,0,0,0,0,0,0,0,0,0,0,0,0,0,0,0,0,0,0,0,0,0,0,0,0,0,0,0,0
Contact Hospital,Send Notification by Phone,0,0,0,0,0,0,0,0,0,0,0,0,0,0,0,0,0,0,0,0,0,0,0,0,0,0,0,0,0,0,0,0,0,0,0,0,0,0,0,0,0,0,0,0,0,0,0,0,0,0,0,0,0,0,0,0,0,0,0,0,0,0,0,0,0,0,0,0,0,0,0,0,0,0,0
Contact Hospital,Send Notification by Post,0,0,0,0,0,0,0,0,0,0,0,0,0,0,0,0,0,0,0,0,0,0,0,0,0,0,0,0,0,0,0,0,0,0,0,0,0,0,0,0,0,0,0,0,0,0,0,0,0,0,0,0,0,0,0,0,0,0,0,0,0,0,0,0,0,0,0,0,0,0,0,0,0,0,0
Contact Hospital,Send Notification by e-mail,0,0,0,0,0,0,0,0,0,0,0,0,0,0,0,0,0,0,0,0,0,0,0,0,0,0,0,0,0,0,0,0,0,0,0,0,0,0,0,0,0,0,0,0,0,0,0,0,0,0,0,0,0,0,0,0,0,0,0,0,0,0,0,0,0,0,0,0,0,0,0,0,0,0,0
Contact Hospital,Send Questionnaire,0,0,1,0,0,0,0,0,0,0,0,0,0,0,0,0,1,0,0,2,0,1,2,0,0,0,0,0,0,0,0,0,0,0,0,0,0,0,0,0,0,0,0,0,0,0,0,0,0,0,0,0,0,1,0,0,0,1,0,0,0,0,1,0,0,0,0,0,0,0,0,0,0,0,0
Contact Hospital,Skip Questionnaire,0,0,0,0,0,0,0,0,0,0,0,0,0,0,0,0,0,0,0,0,0,0,0,0,0,0,0,0,0,0,0,0,0,0,0,0,0,0,0,0,0,0,0,0,0,0,0,0,0,0,0,0,0,0,0,0,0,0,0,0,0,0,0,0,0,0,0,0,0,0,0,0,0,0,0
Create Questionnaire,Archive,0,0,0,0,0,0,0,0,0,0,0,0,0,0,0,0,0,0,0,0,0,0,0,0,0,0,0,0,0,0,0,0,0,0,0,0,0,0,0,0,0,0,0,0,0,0,0,0,0,0,0,0,0,0,0,0,0,0,0,0,0,0,0,0,0,0,0,0,0,0,0,0,0,0,0
Create Questionnaire,Contact Hospital,2,3,3,8,3,10,4,6,8,3,4,2,3,5,3,2,0,0,0,1,1,1,1,1,0,0,0,2,0,0,0,0,0,0,0,1,1,1,0,2,0,1,2,0,0,0,0,0,0,0,0,0,0,1,0,0,0,0,1,1,0,2,1,1,1,0,1,0,2,1,0,2,2,1,0
Create Questionnaire,Create Questionnaire,0,0,0,0,0,0,0,0,0,0,0,0,0,0,0,0,0,0,0,0,0,0,0,0,0,0,0,0,0,0,0,0,0,0,0,0,0,0,0,0,0,0,0,0,0,0,0,0,0,0,0,0,0,0,0,0,0,0,0,0,0,0,0,0,0,0,0,0,0,0,0,0,0,0,0
Create Questionnaire,High Insurance Check,2,4,2,6,8,5,2,4,6,8,4,6,4,7,8,14,9,19,16,8,6,13,13,9,16,12,6,9,14,22,9,21,21,17,15,9,9,15,10,12,21,18,10,12,18,12,1,8,13,22,20,6,7,12,6,7,9,7,7,9,5,16,12,11,11,8,18,8,19,21,19,17,11,12,15
Create Questionnaire,High Medical History,2,5,1,4,4,7,7,6,5,5,9,2,13,8,0,0,3,1,0,0,2,5,1,0,1,0,3,0,2,2,1,1,0,0,2,1,0,1,1,0,1,2,2,0,1,2,0,0,2,0,2,0,1,2,0,0,0,0,1,0,0,2,2,1,1,1,1,1,1,2,2,1,0,0,2
Create Questionnaire,Low Insurance Check,4,10,11,11,14,10,9,11,13,11,1,13,10,17,11,9,9,14,10,10,11,9,8,6,12,11,11,18,9,7,12,8,15,7,15,14,5,21,13,9,9,10,9,13,12,12,1,12,7,13,13,9,8,16,9,10,15,5,13,10,12,12,9,10,16,10,15,7,18,19,12,9,6,13,22
Create Questionnaire,Low Medical History,8,12,2,13,10,14,11,20,15,6,6,6,10,13,10,12,14,9,7,15,8,9,5,9,18,15,10,21,9,7,3,16,17,10,10,15,15,6,17,11,19,18,7,14,12,8,0,5,2,10,12,6,6,11,9,9,10,7,9,10,11,9,8,9,16,17,15,11,9,15,16,10,7,17,19
Create Questionnaire,Prepare Notification Content,11,29,27,27,31,25,34,22,22,31,25,21,32,24,26,24,27,28,32,24,26,31,25,18,21,20,30,23,25,36,23,22,23,33,25,24,31,23,26,36,16,21,28,27,25,18,11,26,39,22,20,30,30,22,29,30,28,21,26,29,17,28,26,27,30,35,26,35,22,18,24,25,26,29,59
Create Questionnaire,Receive Questionnaire Response,0,0,0,0,0,0,0,0,0,0,0,0,0,0,0,0,0,0,0,0,0,0,0,0,0,0,0,0,0,0,0,0,0,0,0,0,0,0,0,0,0,0,0,0,0,0,0,0,0,0,0,0,0,0,0,0,0,0,0,0,0,0,0,0,0,0,0,0,0,0,0,0,0,0,0
Create Questionnaire,Register,0,0,0,0,0,0,0,0,0,0,0,0,0,0,0,0,0,0,0,0,0,0,0,0,0,0,0,0,0,0,0,0,0,0,0,0,0,0,0,0,0,0,0,0,0,0,0,0,0,0,0,0,0,0,0,0,0,0,0,0,0,0,0,0,0,0,0,0,0,0,0,0,0,0,0
Create Questionnaire,Send Notification by Phone,3,3,2,1,4,2,3,1,2,2,8,8,2,3,2,3,3,2,4,3,1,2,3,3,1,1,2,1,3,0,2,4,1,3,5,7,6,6,5,2,5,1,2,3,9,2,0,6,3,0,1,4,1,2,2,4,2,4,3,3,2,0,2,8,1,4,3,2,0,2,2,7,16,4,9
Create Questionnaire,Send Notification by Post,8,1,5,3,1,3,3,3,1,5,4,8,4,0,5,1,2,2,4,3,3,4,0,5,5,3,4,2,8,3,4,2,2,2,1,4,3,4,2,2,4,2,7,5,1,5,2,5,2,5,3,5,4,3,3,3,3,3,3,2,5,2,1,4,2,2,0,3,4,1,3,3,3,3,6
Create Questionnaire,Send Notification by e-mail,2,3,7,2,1,0,5,1,4,2,6,5,0,2,4,1,1,3,2,2,2,3,2,3,3,0,3,1,3,1,7,5,1,3,1,1,7,1,3,3,2,3,10,3,1,0,2,7,1,3,3,3,4,2,3,3,2,1,4,3,5,1,2,1,0,2,0,6,0,0,1,1,4,0,3
Create Questionnaire,Send Questionnaire,37,9,19,4,3,3,2,5,4,7,12,9,2,1,10,13,11,2,5,14,19,2,21,25,2,17,11,2,6,1,18,1,0,4,5,4,2,1,3,2,2,3,2,2,0,20,62,10,10,4,5,16,18,8,18,13,10,31,12,12,22,7,16,7,1,0,0,6,4,0,0,4,4,0,5
Create Questionnaire,Skip Questionnaire,0,0,0,0,0,0,0,0,0,0,0,0,0,0,0,0,0,0,0,0,0,0,0,0,0,0,0,0,0,0,0,0,0,0,0,0,0,0,0,0,0,0,0,0,0,0,0,0,0,0,0,0,0,0,0,0,0,0,0,0,0,0,0,0,0,0,0,0,0,0,0,0,0,0,0
High Insurance Check,Archive,0,0,0,0,0,0,0,0,0,0,0,0,0,0,0,0,0,0,0,0,0,0,0,0,0,0,0,0,0,0,0,0,0,0,0,0,0,0,0,0,0,0,0,0,0,0,0,0,0,0,0,0,0,0,0,0,0,0,0,0,0,0,0,0,0,0,0,0,0,0,0,0,0,0,0
High Insurance Check,Contact Hospital,9,7,9,10,11,7,9,6,6,11,10,12,12,13,8,3,0,0,0,0,0,0,0,0,0,0,0,0,0,0,0,0,0,0,0,0,0,0,0,0,0,0,0,0,0,0,0,0,0,0,0,0,0,0,0,0,0,0,0,0,0,0,0,0,0,0,0,0,0,0,0,0,0,0,0
High Insurance Check,Create Questionnaire,1,3,7,3,6,7,6,3,6,4,7,3,6,2,5,6,11,6,5,7,8,14,5,1,6,4,12,7,6,12,6,6,6,9,8,6,8,5,5,11,6,7,7,5,2,6,9,6,12,7,9,11,10,6,6,9,6,7,10,5,4,9,11,9,7,5,6,9,6,10,9,9,7,3,20
High Insurance Check,High Insurance Check,0,0,0,0,0,0,0,0,0,0,0,0,0,0,0,0,0,0,0,0,0,0,0,0,0,0,0,0,0,0,0,0,0,0,0,0,0,0,0,0,0,0,0,0,0,0,0,0,0,0,0,0,0,0,0,0,0,0,0,0,0,0,0,0,0,0,0,0,0,0,0,0,0,0,0
High Insurance Check,High Medical History,7,11,11,11,7,8,6,13,9,13,12,5,8,8,11,9,10,9,18,14,19,14,16,13,8,13,6,10,18,13,8,17,9,17,10,10,11,16,11,18,11,10,16,12,13,12,10,13,10,17,5,11,12,8,16,13,6,9,11,13,11,16,13,12,10,12,17,10,15,14,8,17,13,12,17
High Insurance Check,Low Insurance Check,0,0,0,0,0,0,0,0,0,0,0,0,0,0,0,0,0,0,0,0,0,0,0,0,0,0,0,0,0,0,0,0,0,0,0,0,0,0,0,0,0,0,0,0,0,0,0,0,0,0,0,0,0,0,0,0,0,0,0,0,0,0,0,0,0,0,0,0,0,0,0,0,0,0,0
High Insurance Check,Low Medical History,0,0,0,0,0,0,0,0,0,0,0,0,0,0,0,0,0,0,0,0,0,0,0,0,0,0,0,0,0,0,0,0,0,0,0,0,0,0,0,0,0,0,0,0,0,0,0,0,0,0,0,0,0,0,0,0,0,0,0,0,0,0,0,0,0,0,0,0,0,0,0,0,0,0,0
High Insurance Check,Prepare Notification Content,7,8,5,5,4,12,7,8,7,5,9,3,9,5,3,10,5,16,14,10,6,11,14,12,11,4,11,8,13,14,13,12,17,6,12,9,5,7,8,7,16,13,12,7,11,10,10,8,5,10,20,10,8,11,6,10,7,9,7,10,7,7,10,14,6,9,7,7,14,11,12,12,12,7,15
High Insurance Check,Receive Questionnaire Response,0,0,0,0,0,0,0,0,0,0,0,0,0,0,0,0,0,0,0,0,0,0,0,0,0,0,0,0,0,0,0,0,0,0,0,0,0,0,0,0,0,0,0,0,0,0,0,1,0,0,0,0,0,0,0,0,0,0,0,0,1,1,0,0,0,0,0,0,0,0,0,0,0,0,0
High Insurance Check,Register,0,0,0,0,0,0,0,0,0,0,0,0,0,0,0,0,0,0,0,0,0,0,0,0,0,0,0,0,0,0,0,0,0,0,0,0,0,0,0,0,0,0,0,0,0,0,0,0,0,0,0,0,0,0,0,0,0,0,0,0,0,0,0,0,0,0,0,0,0,0,0,0,0,0,0
High Insurance Check,Send Notification by Phone,0,0,0,0,0,0,0,0,0,0,0,0,0,0,0,0,0,0,0,0,0,0,0,0,0,0,0,0,0,0,0,0,0,0,0,0,0,0,0,0,0,0,0,0,0,0,0,0,0,0,0,0,0,0,0,0,0,0,0,0,0,0,0,0,0,0,0,0,0,0,0,0,0,0,0
High Insurance Check,Send Notification by Post,0,0,0,0,0,0,0,0,0,0,0,0,0,0,0,0,0,0,0,0,0,0,0,0,0,0,0,0,0,0,0,0,0,0,0,0,0,0,0,0,0,0,0,0,0,0,0,0,0,0,0,0,0,0,0,0,0,0,0,0,0,0,0,0,0,0,0,0,0,0,0,0,0,0,0
High Insurance Check,Send Notification by e-mail,0,0,0,0,0,0,0,0,0,0,0,0,0,0,0,0,0,0,0,0,0,0,0,0,0,0,0,0,0,0,0,0,0,0,0,0,0,0,0,0,0,0,0,0,0,0,0,0,0,0,0,0,0,0,0,0,0,0,0,0,0,0,0,0,0,0,0,0,0,0,0,0,0,0,0
High Insurance Check,Send Questionnaire,1,1,0,0,0,0,0,0,0,0,0,0,0,0,0,3,1,0,1,0,0,0,1,0,0,3,0,0,0,0,0,0,0,0,0,0,0,0,0,0,0,0,0,0,0,2,0,0,0,0,1,0,0,1,1,2,2,0,0,1,1,2,1,0,0,0,0,0,0,0,0,0,0,0,0
High Insurance Check,Skip Questionnaire,0,0,0,0,0,0,0,0,0,0,0,0,0,0,0,0,0,0,0,0,0,0,0,0,0,0,0,0,0,0,0,0,0,0,0,0,0,0,0,0,0,0,0,0,0,0,0,0,0,0,0,0,0,0,0,0,0,0,0,0,0,0,0,0,0,0,0,0,0,0,0,0,0,0,0
High Medical History,Archive,0,0,0,0,0,0,0,0,0,0,0,0,0,0,0,0,0,0,0,0,0,0,0,0,0,0,0,0,0,0,0,0,0,0,0,0,0,0,0,0,0,0,0,0,0,0,0,0,0,0,0,0,0,0,0,0,0,0,0,0,0,0,0,0,0,0,0,0,0,0,0,0,0,0,0
High Medical History,Contact Hospital,10,12,11,3,8,12,9,12,6,12,15,6,12,8,12,4,7,6,9,8,7,9,11,9,8,7,7,4,8,8,4,6,3,9,9,7,9,12,4,9,10,3,5,8,11,5,5,5,6,8,3,4,9,4,7,8,3,5,5,7,5,6,8,4,7,5,12,4,6,6,6,13,3,6,7
High Medical History,Create Questionnaire,3,5,4,7,3,1,2,4,4,8,6,2,4,3,6,5,1,2,3,4,8,4,3,3,0,3,2,3,3,1,2,2,3,2,1,2,1,3,4,4,1,2,6,1,1,3,3,2,0,1,1,5,1,2,3,3,0,2,2,2,1,5,4,6,3,5,3,3,5,3,0,3,5,4,3
High Medical History,High Insurance Check,8,10,9,8,10,10,11,8,12,8,10,5,13,10,5,2,0,0,0,0,0,0,0,0,0,0,0,0,0,0,0,0,0,0,0,0,0,0,0,0,0,0,0,0,0,0,0,0,0,0,0,0,0,0,0,0,0,0,0,0,0,0,0,0,0,0,0,0,0,0,0,0,0,0,0
High Medical History,High Medical History,0,0,0,0,0,0,0,0,0,0,0,0,0,0,0,0,0,0,0,0,0,0,0,0,0,0,0,0,0,0,0,0,0,0,0,0,0,0,0,0,0,0,0,0,0,0,0,0,0,0,0,0,0,0,0,0,0,0,0,0,0,0,0,0,0,0,0,0,0,0,0,0,0,0,0
High Medical History,Low Insurance Check,0,0,0,0,0,0,0,0,0,0,0,0,0,0,0,0,0,0,0,0,0,0,0,0,0,0,0,0,0,0,0,0,0,0,0,0,0,0,0,0,0,0,0,0,0,0,0,0,0,0,0,0,0,0,0,0,0,0,0,0,0,0,0,0,0,0,0,0,0,0,0,0,0,0,0
High Medical History,Low Medical History,0,0,0,0,0,0,0,0,0,0,0,0,0,0,0,0,0,0,0,0,0,0,0,0,0,0,0,0,0,0,0,0,0,0,0,0,0,0,0,0,0,0,0,0,0,0,0,0,0,0,0,0,0,0,0,0,0,0,0,0,0,0,0,0,0,0,0,0,0,0,0,0,0,0,0
High Medical History,Prepare Notification Content,4,3,8,11,7,11,6,6,6,5,7,10,6,7,4,2,5,2,7,2,6,6,3,1,1,4,0,3,9,6,2,10,3,6,2,2,1,2,4,5,1,7,7,3,2,5,2,7,6,8,3,2,3,4,6,2,3,1,5,4,4,8,2,2,1,3,3,4,5,7,4,2,5,2,9
High Medical History,Receive Questionnaire Response,0,0,0,0,0,0,0,0,0,0,0,0,0,0,0,0,0,0,0,0,0,0,0,0,0,0,0,0,0,0,0,0,0,0,0,0,0,0,0,0,0,0,0,0,0,0,0,0,0,0,0,0,0,0,0,0,0,0,0,0,1,1,0,0,0,0,0,0,0,0,0,0,0,0,0
High Medical History,Register,0,0,0,0,0,0,0,0,0,0,0,0,0,0,0,0,0,0,0,0,0,0,0,0,0,0,0,0,0,0,0,0,0,0,0,0,0,0,0,0,0,0,0,0,0,0,0,0,0,0,0,0,0,0,0,0,0,0,0,0,0,0,0,0,0,0,0,0,0,0,0,0,0,0,0
High Medical History,Send Notification by Phone,0,0,0,0,0,0,0,0,0,0,0,0,0,0,0,0,0,0,0,0,0,0,0,0,0,0,0,0,0,0,0,0,0,0,0,0,0,0,0,0,0,0,0,0,0,0,0,0,0,0,0,0,0,0,0,0,0,0,0,0,0,0,0,0,0,0,0,0,0,0,0,0,0,0,0
High Medical History,Send Notification by Post,0,0,0,0,0,0,0,0,0,0,0,0,0,0,0,0,0,0,0,0,0,0,0,0,0,0,0,0,0,0,0,0,0,0,0,0,0,0,0,0,0,0,0,0,0,0,0,0,0,0,0,0,0,0,0,0,0,0,0,0,0,0,0,0,0,0,0,0,0,0,0,0,0,0,0
High Medical History,Send Notification by e-mail,0,0,0,0,0,0,0,0,0,0,0,0,0,0,0,0,0,0,0,0,0,0,0,0,0,0,0,0,0,0,0,0,0,0,0,0,0,0,0,0,0,0,0,0,0,0,0,0,0,0,0,0,0,0,0,0,0,0,0,0,0,0,0,0,0,0,0,0,0,0,0,0,0,0,0
High Medical History,Send Questionnaire,0,0,0,0,0,0,0,0,0,0,0,0,0,0,0,0,0,0,0,0,0,0,0,0,0,1,0,0,0,0,1,0,0,0,0,0,0,0,0,0,0,0,0,0,0,1,0,0,0,0,0,0,0,0,0,0,0,1,0,0,0,0,1,1,0,0,0,0,0,0,0,0,0,0,0
High Medical History,Skip Questionnaire,0,0,0,0,0,0,0,0,0,0,0,0,0,0,0,0,0,0,0,0,0,0,0,0,0,0,0,0,0,0,0,0,0,0,0,0,0,0,0,0,0,0,0,0,0,0,0,0,0,0,0,0,0,0,0,0,0,0,0,0,0,0,0,0,0,0,0,0,0,0,0,0,0,0,0
Low Insurance Check,Archive,0,0,0,0,0,0,0,0,0,0,0,0,0,0,0,0,0,0,0,0,0,0,0,0,0,0,0,0,0,0,0,0,0,0,0,0,0,0,0,0,0,0,0,0,0,0,0,0,0,0,0,0,0,0,0,0,0,0,0,0,0,0,0,0,0,0,0,0,0,0,0,0,0,0,0
Low Insurance Check,Contact Hospital,0,0,0,0,0,0,0,0,0,0,0,0,0,0,0,0,0,0,0,0,0,0,0,0,0,0,0,0,0,0,0,0,0,0,0,0,0,0,0,0,0,0,0,0,0,0,0,0,0,0,0,0,0,0,0,0,0,0,0,0,0,0,0,0,0,0,0,0,0,0,0,0,0,0,0
Low Insurance Check,Create Questionnaire,14,11,12,16,9,13,15,12,12,9,12,6,14,14,6,13,14,9,9,14,11,10,9,9,12,10,14,10,11,12,11,9,9,13,3,11,14,8,13,14,7,9,5,8,14,8,7,13,18,9,13,14,11,14,13,8,16,16,8,16,10,12,11,9,13,12,10,18,6,6,11,7,13,15,22
Low Insurance Check,High Insurance Check,0,0,0,0,0,0,0,0,0,0,0,0,0,0,0,0,0,0,0,0,0,0,0,0,0,0,0,0,0,0,0,0,0,0,0,0,0,0,0,0,0,0,0,0,0,0,0,0,0,0,0,0,0,0,0,0,0,0,0,0,0,0,0,0,0,0,0,0,0,0,0,0,0,0,0
Low Insurance Check,High Medical History,0,0,0,0,0,0,0,0,0,0,0,0,0,0,0,0,0,0,0,0,0,0,0,0,0,0,0,0,0,0,0,0,0,0,0,0,0,0,0,0,0,0,0,0,0,0,0,0,0,0,0,0,0,0,0,0,0,0,0,0,0,0,0,0,0,0,0,0,0,0,0,0,0,0,0
Low Insurance Check,Low Insurance Check,0,0,0,0,0,0,0,0,0,0,0,0,0,0,0,0,0,0,0,0,0,0,0,0,0,0,0,0,0,0,0,0,0,0,0,0,0,0,0,0,0,0,0,0,0,0,0,0,0,0,0,0,0,0,0,0,0,0,0,0,0,0,0,0,0,0,0,0,0,0,0,0,0,0,0
Low Insurance Check,Low Medical History,24,19,27,19,25,20,23,14,17,25,14,29,18,17,25,20,18,30,21,17,23,17,24,28,20,27,20,27,16,22,25,16,18,19,27,28,21,30,18,18,18,19,26,28,23,27,25,26,24,23,18,21,29,27,22,28,26,19,26,24,27,19,20,22,28,25,25,23,25,20,23,23,17,18,43
Low Insurance Check,Prepare Notification Content,14,18,8,15,17,12,14,23,23,13,15,21,12,21,21,13,20,9,12,16,12,13,9,16,22,16,17,16,15,6,15,20,20,15,19,16,18,13,25,11,21,21,13,19,16,12,18,12,9,13,13,12,9,11,13,6,14,17,15,10,16,12,13,13,14,16,14,12,13,18,16,11,17,24,23
Low Insurance Check,Receive Questionnaire Response,0,0,0,0,0,0,0,0,0,0,0,0,0,0,0,0,0,0,0,0,0,0,0,0,0,0,0,0,0,0,0,0,0,0,0,0,0,0,0,0,0,0,0,0,0,0,0,0,0,0,0,0,0,0,0,0,0,0,0,0,0,0,0,0,0,0,0,0,0,0,0,0,0,0,0
Low Insurance Check,Register,0,0,0,0,0,0,0,0,0,0,0,0,0,0,0,0,0,0,0,0,0,0,0,0,0,0,0,0,0,0,0,0,0,0,0,0,0,0,0,0,0,0,0,0,0,0,0,0,0,0,0,0,0,0,0,0,0,0,0,0,0,0,0,0,0,0,0,0,0,0,0,0,0,0,0
Low Insurance Check,Send Notification by Phone,0,0,0,0,0,0,0,0,0,0,0,0,0,0,0,0,0,0,0,0,0,0,0,0,0,0,0,0,0,0,0,0,0,0,0,0,0,0,0,0,0,0,0,0,0,0,0,0,0,0,0,0,0,0,0,0,0,0,0,0,0,0,0,0,0,0,0,0,0,0,0,0,0,0,0
Low Insurance Check,Send Notification by Post,0,0,0,0,0,0,0,0,0,0,0,0,0,0,0,0,0,0,0,0,0,0,0,0,0,0,0,0,0,0,0,0,0,0,0,0,0,0,0,0,0,0,0,0,0,0,0,0,0,0,0,0,0,0,0,0,0,0,0,0,0,0,0,0,0,0,0,0,0,0,0,0,0,0,0
Low Insurance Check,Send Notification by e-mail,0,0,0,0,0,0,0,0,0,0,0,0,0,0,0,0,0,0,0,0,0,0,0,0,0,0,0,0,0,0,0,0,0,0,0,0,0,0,0,0,0,0,0,0,0,0,0,0,0,0,0,0,0,0,0,0,0,0,0,0,0,0,0,0,0,0,0,0,0,0,0,0,0,0,0
Low Insurance Check,Send Questionnaire,2,1,0,0,0,0,0,0,0,0,0,1,1,0,0,2,0,1,0,2,0,0,1,0,0,2,0,1,0,0,1,0,1,0,0,0,2,0,0,0,0,0,0,0,0,2,0,0,1,0,0,0,0,1,2,3,2,2,2,0,2,1,0,0,1,0,0,0,0,0,0,0,0,0,0
Low Insurance Check,Skip Questionnaire,0,0,0,0,0,0,0,0,0,0,0,0,0,0,0,0,0,0,0,0,0,0,0,0,0,0,0,0,0,0,0,0,0,0,0,0,0,0,0,0,0,0,0,0,0,0,0,0,0,0,0,0,0,0,0,0,0,0,0,0,0,0,0,0,0,0,0,0,0,0,0,0,0,0,0
Low Medical History,Archive,0,0,0,0,0,0,0,0,0,0,0,0,0,0,0,0,0,0,0,0,0,0,0,0,0,0,0,0,0,0,0,0,0,0,0,0,0,0,0,0,0,0,0,0,0,0,0,0,0,0,0,0,0,0,0,0,0,0,0,0,0,0,0,0,0,0,0,0,0,0,0,0,0,0,0
Low Medical History,Contact Hospital,0,0,0,0,0,0,0,0,0,0,0,0,0,0,0,0,0,0,0,0,0,0,0,0,0,0,0,0,0,0,0,0,0,0,0,0,0,0,0,0,0,0,0,0,0,0,0,0,0,0,0,0,0,0,0,0,0,0,0,0,0,0,0,0,0,0,0,0,0,0,0,0,0,0,0
Low Medical History,Create Questionnaire,7,11,5,9,13,9,15,7,9,14,5,12,11,7,14,10,11,14,14,7,12,9,11,10,11,10,12,11,10,13,14,8,7,13,14,9,11,10,12,7,7,9,12,15,10,11,11,9,16,8,8,7,15,12,15,13,15,14,15,9,12,9,13,8,15,15,12,12,14,7,15,12,8,13,22
Low Medical History,High Insurance Check,0,0,0,0,0,0,0,0,0,0,0,0,0,0,0,0,0,0,0,0,0,0,0,0,0,0,0,0,0,0,0,0,0,0,0,0,0,0,0,0,0,0,0,0,0,0,0,0,0,0,0,0,0,0,0,0,0,0,0,0,0,0,0,0,0,0,0,0,0,0,0,0,0,0,0
Low Medical History,High Medical History,0,0,0,0,0,0,0,0,0,0,0,0,0,0,0,0,0,0,0,0,0,0,0,0,0,0,0,0,0,0,0,0,0,0,0,0,0,0,0,0,0,0,0,0,0,0,0,0,0,0,0,0,0,0,0,0,0,0,0,0,0,0,0,0,0,0,0,0,0,0,0,0,0,0,0
Low Medical History,Low Insurance Check,27,26,18,25,24,21,23,29,31,17,25,24,21,31,23,23,31,17,18,28,19,22,18,22,27,23,23,19,22,16,21,26,26,23,19,23,31,19,31,23,24,27,17,26,26,16,25,21,25,19,17,24,17,20,23,14,24,34,21,24,24,22,20,20,21,24,19,27,14,18,18,14,25,32,36
Low Medical History,Low Medical History,0,0,0,0,0,0,0,0,0,0,0,0,0,0,0,0,0,0,0,0,0,0,0,0,0,0,0,0,0,0,0,0,0,0,0,0,0,0,0,0,0,0,0,0,0,0,0,0,0,0,0,0,0,0,0,0,0,0,0,0,0,0,0,0,0,0,0,0,0,0,0,0,0,0,0
Low Medical History,Prepare Notification Content,19,12,24,14,14,15,14,13,12,16,11,21,13,14,14,13,10,18,9,14,15,8,13,21,15,21,16,22,10,11,14,11,14,11,16,22,13,21,13,13,15,13,15,14,16,22,14,20,11,16,19,15,16,21,12,16,18,6,14,16,17,11,10,16,20,13,18,14,16,19,17,15,12,12,30
Low Medical History,Receive Questionnaire Response,0,0,0,0,0,0,0,0,0,0,0,0,0,0,0,0,0,0,0,0,0,0,0,0,0,0,0,0,0,0,0,0,1,0,0,0,0,0,0,0,0,0,0,0,0,0,0,0,0,0,0,0,0,0,0,0,1,0,0,0,1,1,0,0,0,0,0,0,0,0,0,0,0,0,0
Low Medical History,Register,0,0,0,0,0,0,0,0,0,0,0,0,0,0,0,0,0,0,0,0,0,0,0,0,0,0,0,0,0,0,0,0,0,0,0,0,0,0,0,0,0,0,0,0,0,0,0,0,0,0,0,0,0,0,0,0,0,0,0,0,0,0,0,0,0,0,0,0,0,0,0,0,0,0,0
Low Medical History,Send Notification by Phone,0,0,0,0,0,0,0,0,0,0,0,0,0,0,0,0,0,0,0,0,0,0,0,0,0,0,0,0,0,0,0,0,0,0,0,0,0,0,0,0,0,0,0,0,0,0,0,0,0,0,0,0,0,0,0,0,0,0,0,0,0,0,0,0,0,0,0,0,0,0,0,0,0,0,0
Low Medical History,Send Notification by Post,0,0,0,0,0,0,0,0,0,0,0,0,0,0,0,0,0,0,0,0,0,0,0,0,0,0,0,0,0,0,0,0,0,0,0,0,0,0,0,0,0,0,0,0,0,0,0,0,0,0,0,0,0,0,0,0,0,0,0,0,0,0,0,0,0,0,0,0,0,0,0,0,0,0,0
Low Medical History,Send Notification by e-mail,0,0,0,0,0,0,0,0,0,0,0,0,0,0,0,0,0,0,0,0,0,0,0,0,0,0,0,0,0,0,0,0,0,0,0,0,0,0,0,0,0,0,0,0,0,0,0,0,0,0,0,0,0,0,0,0,0,0,0,0,0,0,0,0,0,0,0,0,0,0,0,0,0,0,0
Low Medical History,Send Questionnaire,1,0,0,2,0,0,0,0,0,0,0,0,0,0,1,2,0,0,1,0,0,1,1,0,1,1,0,2,0,0,3,0,0,0,0,1,0,1,0,0,0,0,0,0,1,0,0,1,0,2,0,1,1,0,0,2,0,0,1,1,1,1,1,0,0,1,0,0,0,0,0,0,2,0,0
Low Medical History,Skip Questionnaire,0,0,0,0,0,0,0,0,0,0,0,0,0,0,0,0,0,0,0,0,0,0,0,0,0,0,0,0,0,0,0,0,0,0,0,0,0,0,0,0,0,0,0,0,0,0,0,0,0,0,0,0,0,0,0,0,0,0,0,0,0,0,0,0,0,0,0,0,0,0,0,0,0,0,0
Prepare Notification Content,Archive,1,0,0,0,0,0,0,0,0,0,0,0,0,0,0,0,1,0,0,0,0,0,0,0,1,0,0,0,0,0,0,0,0,0,0,0,0,0,0,0,0,0,0,0,0,0,0,0,0,0,0,0,0,0,0,0,0,0,0,0,0,0,0,0,0,0,0,0,0,0,0,0,0,0,0
Prepare Notification Content,Contact Hospital,0,0,0,0,0,0,0,0,0,0,0,0,0,0,0,0,0,0,0,0,0,0,0,0,0,0,0,0,0,0,0,0,0,0,0,0,0,0,0,0,0,0,0,0,0,0,0,0,0,0,0,0,0,0,0,0,0,0,0,0,0,0,0,0,0,0,0,0,0,0,0,0,0,0,0
Prepare Notification Content,Create Questionnaire,16,9,19,6,7,6,11,5,5,8,17,18,7,4,13,6,7,7,11,9,5,6,10,16,8,9,13,6,14,3,16,9,3,9,7,9,15,10,8,6,11,9,17,9,9,9,6,18,6,8,8,12,10,7,13,14,9,10,13,12,19,6,3,12,3,6,3,5,5,3,6,12,15,7,18
Prepare Notification Content,High Insurance Check,0,0,0,0,0,0,0,0,0,0,0,0,0,0,0,0,0,0,0,0,0,0,0,0,0,0,0,0,0,0,0,0,0,0,0,0,0,0,0,0,0,0,0,0,0,0,0,0,0,0,0,0,0,0,0,0,0,0,0,0,0,0,0,0,0,0,0,0,0,0,0,0,0,0,0
Prepare Notification Content,High Medical History,0,0,0,0,0,0,0,0,0,0,0,0,0,0,0,0,0,0,0,0,0,0,0,0,0,0,0,0,0,0,0,0,0,0,0,0,0,0,0,0,0,0,0,0,0,0,0,0,0,0,0,0,0,0,0,0,0,0,0,0,0,0,0,0,0,0,0,0,0,0,0,0,0,0,0
Prepare Notification Content,Low Insurance Check,0,0,0,0,0,0,0,0,0,0,0,0,0,0,0,0,0,0,0,0,0,0,0,0,0,0,0,0,0,0,0,0,0,0,0,0,0,0,0,0,0,0,0,0,0,0,0,0,0,0,0,0,0,0,0,0,0,0,0,0,0,0,0,0,0,0,0,0,0,0,0,0,0,0,0
Prepare Notification Content,Low Medical History,0,0,0,0,0,0,0,0,0,0,0,0,0,0,0,0,0,0,0,0,0,0,0,0,0,0,0,0,0,0,0,0,0,0,0,0,0,0,0,0,0,0,0,0,0,0,0,0,0,0,0,0,0,0,0,0,0,0,0,0,0,0,0,0,0,0,0,0,0,0,0,0,0,0,0
Prepare Notification Content,Prepare Notification Content,0,0,0,0,0,0,0,0,0,0,0,0,0,0,0,0,0,0,0,0,0,0,0,0,0,0,0,0,0,0,0,0,0,0,0,0,0,0,0,0,0,0,0,0,0,0,0,0,0,0,0,0,0,0,0,0,0,0,0,0,0,0,0,0,0,0,0,0,0,0,0,0,0,0,0
Prepare Notification Content,Receive Questionnaire Response,5,1,1,0,0,0,0,1,0,1,0,1,0,0,0,3,2,1,1,1,1,1,2,1,0,1,1,2,0,0,3,0,0,0,1,1,1,1,1,1,0,0,0,2,1,3,2,0,1,2,1,1,1,2,3,3,2,4,6,1,5,3,5,2,1,0,0,2,2,0,0,0,1,0,0
Prepare Notification Content,Register,0,0,0,0,0,0,0,0,0,0,0,0,0,0,0,0,0,0,0,0,0,0,0,0,0,0,0,0,0,0,0,0,0,0,0,0,0,0,0,0,0,0,0,0,0,0,0,0,0,0,0,0,0,0,0,0,0,0,0,0,0,0,0,0,0,0,0,0,0,0,0,0,0,0,0
Prepare Notification Content,Send Notification by Phone,18,16,22,22,26,22,27,20,20,19,20,13,20,27,18,16,17,21,16,23,16,20,19,12,17,23,27,16,12,29,9,23,19,21,22,14,21,28,26,15,16,37,15,16,22,35,32,21,24,23,15,21,24,15,14,18,18,20,13,22,14,15,22,33,41,33,37,26,16,45,42,37,24,23,61
Prepare Notification Content,Send Notification by Post,14,16,9,20,17,21,13,24,15,26,19,18,15,23,18,20,23,20,20,17,23,13,18,20,20,16,21,19,16,13,20,24,32,25,16,24,13,21,24,21,31,25,20,14,18,12,19,14,24,25,26,24,18,25,20,17,22,13,14,20,10,22,21,18,20,24,30,36,36,19,22,24,24,31,31
Prepare Notification Content,Send Notification by e-mail,13,20,20,18,20,20,19,16,28,16,15,17,28,21,18,9,18,17,19,17,21,22,19,20,20,17,9,21,23,18,19,21,22,11,29,29,24,17,14,26,13,6,25,33,23,17,17,24,20,21,25,21,23,20,18,15,19,16,12,17,15,13,10,5,10,9,3,2,9,7,4,4,11,13,23
Prepare Notification Content,Send Questionnaire,12,17,8,13,9,10,10,13,12,10,8,13,10,5,12,25,11,14,13,13,13,17,11,10,13,13,9,15,14,16,12,3,4,13,4,3,5,2,7,10,8,2,2,5,6,3,3,2,4,0,4,0,3,10,11,12,9,16,21,7,16,20,18,9,4,7,6,8,11,5,5,2,4,5,7
Prepare Notification Content,Skip Questionnaire,0,0,0,0,0,0,0,0,0,0,0,0,0,0,0,0,0,0,0,0,0,0,0,0,0,0,0,0,0,0,0,0,0,0,0,0,0,0,0,0,0,0,0,0,0,0,0,0,0,0,0,0,0,0,0,0,0,0,0,0,0,0,0,0,0,0,0,0,0,0,0,0,0,0,0
Receive Questionnaire Response,Archive,31,39,41,41,34,48,44,33,45,31,38,38,37,31,45,30,26,41,34,43,32,35,37,37,38,39,38,42,40,35,41,44,39,33,31,33,28,34,33,27,37,39,32,22,30,41,19,34,43,44,48,37,46,38,32,46,34,36,32,41,22,17,16,11,24,19,19,18,16,15,28,23,24,25,54
Receive Questionnaire Response,Contact Hospital,0,0,0,0,0,0,0,0,0,0,0,0,0,0,0,0,0,0,0,0,0,0,0,0,0,0,0,0,0,0,0,0,0,0,0,0,0,0,0,0,0,0,0,0,0,0,0,0,0,0,0,0,0,0,0,0,0,0,0,0,1,1,0,0,0,0,0,0,0,0,0,0,0,0,0
Receive Questionnaire Response,Create Questionnaire,0,0,0,0,0,0,0,0,0,0,0,0,0,0,0,0,0,0,0,0,0,0,0,0,0,0,0,0,0,0,0,0,0,0,0,0,0,0,0,0,0,0,0,0,0,0,0,0,0,0,0,0,0,0,0,0,0,0,0,0,0,0,0,0,0,0,0,0,0,0,0,0,0,0,0
Receive Questionnaire Response,High Insurance Check,0,0,0,0,0,0,0,0,0,0,0,0,0,0,0,0,0,0,0,0,0,0,0,0,0,0,0,0,0,0,0,0,0,0,0,0,0,0,0,0,0,0,0,0,0,0,0,0,0,0,0,0,0,0,0,0,0,0,0,0,0,0,0,0,0,0,0,0,0,0,0,0,0,0,0
Receive Questionnaire Response,High Medical History,0,0,0,0,0,0,0,0,0,0,0,0,0,0,0,0,0,0,0,0,0,0,0,0,0,1,0,0,0,0,0,0,0,0,0,0,0,0,0,0,0,0,0,0,0,0,0,1,0,0,0,0,0,0,0,0,0,0,0,0,0,1,0,0,0,0,0,0,0,0,0,0,0,0,0
Receive Questionnaire Response,Low Insurance Check,0,0,0,0,0,0,0,0,0,0,0,0,0,0,0,0,0,0,0,0,0,0,0,0,0,0,0,0,0,0,0,0,0,0,0,0,0,0,0,0,0,0,0,0,0,0,0,0,0,0,0,0,0,0,0,0,0,0,0,0,0,0,0,0,0,0,0,0,0,0,0,0,0,0,0
Receive Questionnaire Response,Low Medical History,0,0,0,0,0,0,0,0,0,0,0,0,0,0,0,0,0,0,0,0,0,0,0,0,0,0,0,0,0,0,0,0,0,0,0,0,0,0,0,0,0,0,0,0,0,0,0,0,0,0,0,0,0,0,0,0,0,0,0,0,0,0,0,0,0,0,0,0,0,0,0,0,0,0,0
Receive Questionnaire Response,Prepare Notification Content,8,1,1,1,0,0,0,1,0,0,0,0,1,0,1,6,5,0,0,5,10,2,5,4,1,7,0,0,0,0,3,0,1,0,1,0,1,1,1,0,0,0,0,0,0,6,19,2,3,1,0,3,7,4,7,2,4,9,3,2,7,2,5,1,0,1,0,2,1,0,0,0,1,0,2
Receive Questionnaire Response,Receive Questionnaire Response,0,0,0,0,0,0,0,0,0,0,0,0,0,0,0,0,0,0,0,0,0,0,0,0,0,0,0,0,0,0,0,0,0,0,0,0,0,0,0,0,0,0,0,0,0,0,0,0,0,0,0,0,0,0,0,0,0,0,0,0,0,0,0,0,0,0,0,0,0,0,0,0,0,0,0
Receive Questionnaire Response,Register,0,0,0,0,0,0,0,0,0,0,0,0,0,0,0,0,0,0,0,0,0,0,0,0,0,0,0,0,0,0,0,0,0,0,0,0,0,0,0,0,0,0,0,0,0,0,0,0,0,0,0,0,0,0,0,0,0,0,0,0,0,0,0,0,0,0,0,0,0,0,0,0,0,0,0
Receive Questionnaire Response,Send Notification by Phone,7,2,2,3,1,1,2,1,0,0,0,2,0,0,0,3,7,3,2,1,4,1,1,5,2,5,3,2,7,1,11,4,5,4,5,5,4,0,7,12,6,4,7,16,9,2,3,0,0,0,1,0,1,0,4,3,6,6,6,0,10,13,9,5,4,5,1,7,5,2,0,4,7,4,6
Receive Questionnaire Response,Send Notification by Post,4,4,2,2,1,0,2,0,2,1,1,1,2,0,0,2,0,1,1,3,1,6,3,2,2,1,1,4,3,0,6,3,2,7,13,11,9,10,10,8,6,4,2,7,6,0,2,1,0,1,0,1,0,3,4,2,1,2,7,1,9,13,10,12,2,2,1,2,5,3,3,8,3,2,10
Receive Questionnaire Response,Send Notification by e-mail,7,1,1,1,0,1,0,3,1,1,1,0,1,0,0,7,3,3,2,1,2,3,3,2,3,6,6,1,1,1,6,3,7,14,4,5,5,8,9,5,4,5,0,6,5,3,1,0,1,1,2,0,1,3,6,3,2,2,5,3,12,25,29,35,29,28,37,32,37,38,36,26,16,25,22
Receive Questionnaire Response,Send Questionnaire,0,0,0,0,0,0,0,0,0,0,0,0,0,0,0,0,0,0,0,0,0,0,0,0,0,0,0,0,0,0,0,0,0,0,0,0,0,0,0,0,0,0,0,0,0,0,0,0,0,0,0,0,0,0,0,0,0,0,0,0,0,0,0,0,0,0,0,0,0,0,0,0,0,0,0
Receive Questionnaire Response,Skip Questionnaire,0,0,0,0,0,0,0,0,0,0,0,0,0,0,0,0,0,0,0,0,0,0,0,0,0,0,0,0,0,0,0,0,0,0,0,0,0,0,0,0,0,0,0,0,0,0,0,0,0,0,0,0,0,0,0,0,0,0,0,0,0,0,0,0,0,0,0,0,0,0,0,0,0,0,0
Register,Archive,0,0,0,0,0,0,0,0,0,0,0,0,0,0,0,0,0,0,0,0,0,0,0,0,0,0,0,0,0,0,0,0,0,0,0,0,0,0,0,0,0,0,0,0,0,0,0,0,0,0,0,0,0,0,0,0,0,0,0,0,0,0,0,0,0,0,0,0,0,0,0,0,0,0,0
Register,Contact Hospital,4,8,9,8,6,5,6,6,8,7,9,3,8,2,4,2,0,0,0,0,0,0,0,0,0,0,0,0,0,0,0,0,0,0,0,0,0,0,0,0,0,0,0,0,0,0,0,0,0,0,0,0,0,0,0,0,0,0,0,0,0,0,0,0,0,0,0,0,0,0,0,0,0,0,0
Register,Create Questionnaire,13,26,16,32,34,37,25,39,36,24,16,24,29,44,25,31,29,40,30,30,21,30,25,21,40,35,19,40,28,34,19,42,50,29,37,35,26,40,33,30,45,43,25,38,38,28,2,22,19,42,36,19,18,33,20,26,27,18,26,28,28,37,26,29,36,31,43,23,41,49,38,32,19,35,47
Register,High Insurance Check,8,9,9,4,2,3,8,4,2,9,10,6,3,6,10,14,18,12,22,23,27,26,23,17,9,11,23,16,23,17,18,14,11,15,15,16,15,13,14,24,12,12,25,12,8,18,28,19,14,12,15,26,23,14,23,24,12,18,21,19,17,17,22,23,12,18,12,18,16,14,10,21,21,10,37
Register,High Medical History,9,5,9,3,8,9,3,7,6,5,8,6,9,2,5,1,0,0,0,0,0,0,0,0,0,0,0,0,0,0,0,0,0,0,0,0,0,0,0,0,0,0,0,0,0,0,0,0,0,0,0,0,0,0,0,0,0,0,0,0,0,0,0,0,0,0,0,0,0,0,0,0,0,0,0
Register,Low Insurance Check,23,13,18,14,13,14,20,9,8,19,15,20,14,4,18,15,12,18,14,11,16,9,17,25,14,21,17,17,11,17,19,11,7,17,15,17,19,11,12,11,13,12,18,16,15,21,24,18,20,13,14,14,24,17,18,21,18,15,17,16,18,9,15,14,19,19,15,19,12,7,20,18,16,12,30
Register,Low Medical History,22,18,18,18,16,11,18,14,20,16,21,21,17,22,17,16,20,10,14,16,15,14,14,16,16,12,21,6,17,11,23,13,12,18,12,12,19,15,21,14,9,12,11,13,18,12,25,20,26,12,14,20,14,15,18,8,22,28,15,16,16,16,16,13,12,11,9,19,10,9,11,8,23,22,26
Register,Prepare Notification Content,0,0,0,0,0,0,0,0,0,0,0,0,0,0,0,0,0,0,0,0,0,0,0,0,0,0,0,0,0,0,0,0,0,0,0,0,0,0,0,0,0,0,0,0,0,0,0,0,0,0,0,0,0,0,0,0,0,0,0,0,0,0,0,0,0,0,0,0,0,0,0,0,0,0,0
Register,Receive Questionnaire Response,0,0,0,0,0,0,0,0,0,0,0,0,0,0,0,0,0,0,0,0,0,0,0,0,0,0,0,0,0,0,0,0,0,0,0,0,0,0,0,0,0,0,0,0,0,0,0,0,0,0,0,0,0,0,0,0,0,0,0,0,0,0,0,0,0,0,0,0,0,0,0,0,0,0,0
Register,Register,0,0,0,0,0,0,0,0,0,0,0,0,0,0,0,0,0,0,0,0,0,0,0,0,0,0,0,0,0,0,0,0,0,0,0,0,0,0,0,0,0,0,0,0,0,0,0,0,0,0,0,0,0,0,0,0,0,0,0,0,0,0,0,0,0,0,0,0,0,0,0,0,0,0,0
Register,Send Notification by Phone,0,0,0,0,0,0,0,0,0,0,0,0,0,0,0,0,0,0,0,0,0,0,0,0,0,0,0,0,0,0,0,0,0,0,0,0,0,0,0,0,0,0,0,0,0,0,0,0,0,0,0,0,0,0,0,0,0,0,0,0,0,0,0,0,0,0,0,0,0,0,0,0,0,0,0
Register,Send Notification by Post,0,0,0,0,0,0,0,0,0,0,0,0,0,0,0,0,0,0,0,0,0,0,0,0,0,0,0,0,0,0,0,0,0,0,0,0,0,0,0,0,0,0,0,0,0,0,0,0,0,0,0,0,0,0,0,0,0,0,0,0,0,0,0,0,0,0,0,0,0,0,0,0,0,0,0
Register,Send Notification by e-mail,0,0,0,0,0,0,0,0,0,0,0,0,0,0,0,0,0,0,0,0,0,0,0,0,0,0,0,0,0,0,0,0,0,0,0,0,0,0,0,0,0,0,0,0,0,0,0,0,0,0,0,0,0,0,0,0,0,0,0,0,0,0,0,0,0,0,0,0,0,0,0,0,0,0,0
Register,Send Questionnaire,0,0,0,0,0,0,0,0,0,0,0,0,0,0,0,0,0,0,0,0,0,0,0,0,0,0,0,0,0,0,0,0,0,0,0,0,0,0,0,0,0,0,0,0,0,0,0,0,0,0,0,0,0,0,0,0,0,0,0,0,0,0,0,0,0,0,0,0,0,0,0,0,0,0,0
Register,Skip Questionnaire,0,0,0,0,0,0,0,0,0,0,0,0,0,0,0,0,0,0,0,0,0,0,0,0,0,0,0,0,0,0,0,0,0,0,0,0,0,0,0,0,0,0,0,0,0,0,0,0,0,0,0,0,0,0,0,0,0,0,0,0,0,0,0,0,0,0,0,0,0,0,0,0,0,0,0
Send Notification by Phone,Archive,7,2,3,3,1,1,2,1,0,0,0,3,3,0,0,4,7,2,1,4,8,2,3,7,1,5,3,2,7,0,12,4,6,5,6,6,7,0,5,6,1,1,5,16,4,2,16,0,1,0,1,2,2,1,5,5,6,7,9,2,11,21,5,1,1,2,0,1,3,0,1,0,7,2,5
Send Notification by Phone,Contact Hospital,0,0,0,0,0,0,0,0,0,0,0,0,0,0,0,0,0,0,0,0,0,0,0,0,0,0,0,0,0,0,0,0,0,0,0,0,0,0,0,0,0,0,0,0,0,0,0,0,0,0,0,0,0,0,0,0,0,0,0,0,0,0,0,0,0,0,0,0,0,0,0,0,0,0,0
Send Notification by Phone,Create Questionnaire,9,2,4,3,1,0,0,1,2,4,5,4,1,1,1,3,0,2,2,3,5,0,2,4,0,3,4,0,1,1,1,2,0,1,0,2,1,0,2,0,1,0,0,0,1,5,16,4,3,0,1,5,4,0,2,2,2,6,0,1,3,0,2,3,1,1,0,4,0,0,0,3,3,0,2
Send Notification by Phone,High Insurance Check,0,0,0,0,0,0,0,0,0,0,0,0,0,0,0,0,0,0,0,0,0,0,0,0,0,0,0,0,0,0,0,0,0,0,0,0,0,0,0,0,0,0,0,0,0,0,0,0,0,0,0,0,0,0,0,0,0,0,0,0,0,0,0,0,0,0,0,0,0,0,0,0,0,0,0
Send Notification by Phone,High Medical History,0,0,0,0,0,0,0,0,0,0,0,0,0,0,0,0,0,0,0,0,0,0,0,0,0,0,0,0,0,0,0,0,0,0,0,0,0,0,0,0,0,0,0,0,0,0,0,0,0,0,0,0,0,0,0,0,0,0,0,0,0,0,0,0,0,0,0,0,0,0,0,0,0,0,0
Send Notification by Phone,Low Insurance Check,0,0,0,0,0,0,0,0,0,0,0,0,0,0,0,0,0,0,0,0,0,0,0,0,0,0,0,0,0,0,0,0,0,0,0,0,0,0,0,0,0,0,0,0,0,0,0,0,0,0,0,0,0,0,0,0,0,0,0,0,0,0,0,0,0,0,0,0,0,0,0,0,0,0,0
Send Notification by Phone,Low Medical History,0,0,0,0,0,0,0,0,0,0,0,0,0,0,0,0,0,0,0,0,0,0,0,0,0,0,0,0,0,0,0,0,0,0,0,0,0,0,0,0,0,0,0,0,0,0,0,0,0,0,0,0,0,0,0,0,0,0,0,0,0,0,0,0,0,0,0,0,0,0,0,0,0,0,0
Send Notification by Phone,Prepare Notification Content,0,0,0,0,0,0,0,0,0,0,0,0,0,0,0,0,0,0,0,0,0,0,0,0,0,0,0,0,0,0,0,0,0,0,0,0,0,0,0,0,0,0,0,0,0,0,0,0,0,0,0,0,0,0,0,0,0,0,0,0,0,0,0,0,0,0,0,0,0,0,0,0,0,0,0
Send Notification by Phone,Receive Questionnaire Response,5,2,3,0,0,0,2,1,1,0,0,0,0,0,0,8,1,3,5,5,1,2,2,1,4,7,3,0,3,0,12,1,4,9,4,2,0,3,1,1,3,1,4,0,1,2,1,0,0,1,0,1,1,2,3,7,1,5,3,3,6,6,10,4,3,4,1,2,5,0,4,1,3,4,2
Send Notification by Phone,Register,0,0,0,0,0,0,0,0,0,0,0,0,0,0,0,0,0,0,0,0,0,0,0,0,0,0,0,0,0,0,0,0,0,0,0,0,0,0,0,0,0,0,0,0,0,0,0,0,0,0,0,0,0,0,0,0,0,0,0,0,0,0,0,0,0,0,0,0,0,0,0,0,0,0,0
Send Notification by Phone,Send Notification by Phone,0,0,0,0,0,0,0,0,0,0,0,0,0,0,0,0,0,0,0,0,0,0,0,0,0,0,0,0,0,0,0,0,0,0,0,0,0,0,0,0,0,0,0,0,0,0,0,0,0,0,0,0,0,0,0,0,0,0,0,0,0,0,0,0,0,0,0,0,0,0,0,0,0,0,0
Send Notification by Phone,Send Notification by Post,6,6,6,5,9,12,9,1,8,5,8,8,6,7,6,6,7,6,15,4,7,6,6,4,5,9,5,12,8,7,9,13,11,15,20,13,18,17,16,16,10,21,18,20,24,16,0,0,0,0,0,0,0,0,0,0,0,0,0,0,6,8,17,18,26,25,21,17,7,33,30,25,26,18,49
Send Notification by Phone,Send Notification by e-mail,6,8,5,9,14,7,7,6,5,8,7,5,10,5,11,12,10,6,2,8,3,12,7,7,5,7,8,5,4,9,7,16,16,16,17,13,13,16,25,18,22,23,7,13,22,13,0,0,0,0,0,0,0,0,0,0,0,0,0,0,9,13,15,14,16,25,21,17,18,16,10,20,16,19,27
Send Notification by Phone,Send Questionnaire,6,15,18,19,16,22,25,34,25,21,20,24,27,27,19,8,18,20,9,16,10,24,16,16,24,17,21,15,20,26,12,34,31,14,26,31,22,25,20,28,25,19,35,26,18,7,3,23,23,22,15,17,20,16,12,14,17,14,13,22,12,17,12,26,20,16,23,21,34,17,18,20,18,17,25
Send Notification by Phone,Skip Questionnaire,0,0,0,0,0,0,0,0,0,0,0,0,0,0,0,0,0,0,0,0,0,0,0,0,0,0,0,0,0,0,0,0,0,0,0,0,0,0,0,0,0,0,0,0,0,0,0,0,0,0,0,0,0,0,0,0,0,0,0,0,0,0,0,0,0,0,0,0,0,0,0,0,0,0,0
Send Notification by Post,Archive,10,5,3,1,0,1,2,1,2,1,1,0,1,0,0,6,4,2,1,3,3,6,3,6,3,5,1,4,3,0,10,3,1,5,15,13,11,8,11,11,9,4,4,8,11,5,5,2,1,1,0,1,4,6,6,2,4,7,7,1,7,10,8,9,1,0,1,0,0,0,3,3,2,2,3
Send Notification by Post,Contact Hospital,0,0,0,0,0,0,0,0,0,0,0,0,0,0,0,0,0,0,0,0,0,0,0,0,0,0,0,0,0,0,0,0,0,0,0,0,0,0,0,0,0,0,0,0,0,0,0,0,0,0,0,0,0,0,0,0,0,0,0,0,0,0,0,0,0,0,0,0,0,0,0,0,0,0,0
Send Notification by Post,Create Questionnaire,7,4,3,0,0,1,1,0,1,3,7,3,0,1,5,0,1,0,1,2,1,1,3,4,1,2,0,0,3,0,7,1,1,1,1,2,0,0,1,1,0,0,2,2,1,5,13,0,3,0,1,2,0,4,1,0,2,0,0,1,0,0,2,0,0,1,0,3,0,0,0,0,4,0,0
Send Notification by Post,High Insurance Check,0,0,0,0,0,0,0,0,0,0,0,0,0,0,0,0,0,0,0,0,0,0,0,0,0,0,0,0,0,0,0,0,0,0,0,0,0,0,0,0,0,0,0,0,0,0,0,0,0,0,0,0,0,0,0,0,0,0,0,0,0,0,0,0,0,0,0,0,0,0,0,0,0,0,0
Send Notification by Post,High Medical History,0,0,0,0,0,0,0,0,0,0,0,0,0,0,0,0,0,0,0,0,0,0,0,0,0,0,0,0,0,0,0,0,0,0,0,0,0,0,0,0,0,0,0,0,0,0,0,0,0,0,0,0,0,0,0,0,0,0,0,0,0,0,0,0,0,0,0,0,0,0,0,0,0,0,0
Send Notification by Post,Low Insurance Check,0,0,0,0,0,0,0,0,0,0,0,0,0,0,0,0,0,0,0,0,0,0,0,0,0,0,0,0,0,0,0,0,0,0,0,0,0,0,0,0,0,0,0,0,0,0,0,0,0,0,0,0,0,0,0,0,0,0,0,0,0,0,0,0,0,0,0,0,0,0,0,0,0,0,0
Send Notification by Post,Low Medical History,0,0,0,0,0,0,0,0,0,0,0,0,0,0,0,0,0,0,0,0,0,0,0,0,0,0,0,0,0,0,0,0,0,0,0,0,0,0,0,0,0,0,0,0,0,0,0,0,0,0,0,0,0,0,0,0,0,0,0,0,0,0,0,0,0,0,0,0,0,0,0,0,0,0,0
Send Notification by Post,Prepare Notification Content,0,0,0,0,0,0,0,0,0,0,0,0,0,0,0,0,0,0,0,0,0,0,0,0,0,0,0,0,0,0,0,0,0,0,0,0,0,0,0,0,0,0,0,0,0,0,0,0,0,0,0,0,0,0,0,0,0,0,0,0,0,0,0,0,0,0,0,0,0,0,0,0,0,0,0
Send Notification by Post,Receive Questionnaire Response,2,2,1,3,1,1,0,1,1,0,0,0,0,0,0,1,0,1,2,3,2,1,4,3,2,2,1,4,1,3,5,3,5,3,3,4,1,1,5,3,2,4,2,4,0,2,1,0,1,0,1,3,1,2,3,9,2,8,5,6,3,10,11,5,3,2,1,1,4,0,1,7,1,0,3
Send Notification by Post,Register,0,0,0,0,0,0,0,0,0,0,0,0,0,0,0,0,0,0,0,0,0,0,0,0,0,0,0,0,0,0,0,0,0,0,0,0,0,0,0,0,0,0,0,0,0,0,0,0,0,0,0,0,0,0,0,0,0,0,0,0,0,0,0,0,0,0,0,0,0,0,0,0,0,0,0
Send Notification by Post,Send Notification by Phone,4,8,7,7,6,8,7,14,6,4,8,9,10,7,9,9,10,3,3,8,5,9,6,8,9,8,6,7,11,4,7,23,21,15,14,17,16,14,16,22,18,14,19,15,13,1,0,0,0,0,0,0,0,0,0,0,0,0,0,0,12,16,13,13,15,20,24,23,30,13,14,16,14,15,19
Send Notification by Post,Send Notification by Post,0,0,0,0,0,0,0,0,0,0,0,0,0,0,0,0,0,0,0,0,0,0,0,0,0,0,0,0,0,0,0,0,0,0,0,0,0,0,0,0,0,0,0,0,0,0,0,0,0,0,0,0,0,0,0,0,0,0,0,0,0,0,0,0,0,0,0,0,0,0,0,0,0,0,0
Send Notification by Post,Send Notification by e-mail,9,1,6,9,7,12,3,7,5,8,9,10,5,5,7,10,9,10,9,5,13,2,6,7,7,6,6,3,7,10,12,10,21,16,13,14,6,17,18,8,17,26,15,12,9,8,0,0,0,0,0,0,0,0,0,0,0,0,0,0,5,17,21,18,20,13,17,21,14,18,23,27,28,21,61
Send Notification by Post,Send Questionnaire,10,18,14,17,25,22,20,12,23,30,14,17,23,28,16,11,15,24,27,15,19,20,13,13,20,14,21,27,21,18,15,27,21,25,21,16,31,24,20,24,20,20,23,27,30,29,4,18,22,30,28,24,18,21,19,16,20,8,17,19,11,14,14,21,25,21,15,18,14,31,25,19,16,24,27
Send Notification by Post,Skip Questionnaire,0,0,0,0,0,0,0,0,0,0,0,0,0,0,0,0,0,0,0,0,0,0,0,0,0,0,0,0,0,0,0,0,0,0,0,0,0,0,0,0,0,0,0,0,0,0,0,0,0,0,0,0,0,0,0,0,0,0,0,0,0,0,0,0,0,0,0,0,0,0,0,0,0,0,0
Send Notification by e-mail,Archive,8,1,0,3,1,0,0,3,1,1,1,0,0,0,1,8,3,3,3,3,6,4,6,0,3,10,6,1,1,2,4,3,8,15,2,2,1,11,11,8,6,8,0,5,5,4,4,2,2,2,2,1,3,3,10,3,3,5,5,3,21,24,40,43,33,34,38,42,45,43,35,35,18,27,32
Send Notification by e-mail,Contact Hospital,0,0,0,0,0,0,0,0,0,0,0,0,0,0,0,0,0,0,0,0,0,0,0,0,0,0,0,0,0,0,0,0,0,0,0,0,0,0,0,0,0,0,0,0,0,0,0,0,0,0,0,0,0,0,0,0,0,0,0,0,0,0,0,0,0,0,0,0,0,0,0,0,0,0,0
Send Notification by e-mail,Create Questionnaire,7,1,5,1,1,1,1,1,3,0,1,5,0,0,2,4,3,0,1,2,2,3,8,7,1,1,0,0,1,1,2,0,0,0,2,2,1,1,0,1,1,0,2,0,0,2,9,4,1,2,2,2,6,0,1,0,1,5,1,3,0,0,3,2,0,0,0,1,0,0,0,0,5,0,1
Send Notification by e-mail,High Insurance Check,0,0,0,0,0,0,0,0,0,0,0,0,0,0,0,0,0,0,0,0,0,0,0,0,0,0,0,0,0,0,0,0,0,0,0,0,0,0,0,0,0,0,0,0,0,0,0,0,0,0,0,0,0,0,0,0,0,0,0,0,0,0,0,0,0,0,0,0,0,0,0,0,0,0,0
Send Notification by e-mail,High Medical History,0,0,0,0,0,0,0,0,0,0,0,0,0,0,0,0,0,0,0,0,0,0,0,0,0,0,0,0,0,0,0,0,0,0,0,0,0,0,0,0,0,0,0,0,0,0,0,0,0,0,0,0,0,0,0,0,0,0,0,0,0,0,0,0,0,0,0,0,0,0,0,0,0,0,0
Send Notification by e-mail,Low Insurance Check,0,0,0,0,0,0,0,0,0,0,0,0,0,0,0,0,0,0,0,0,0,0,0,0,0,0,0,0,0,0,0,0,0,0,0,0,0,0,0,0,0,0,0,0,0,0,0,0,0,0,0,0,0,0,0,0,0,0,0,0,0,0,0,0,0,0,0,0,0,0,0,0,0,0,0
Send Notification by e-mail,Low Medical History,0,0,0,0,0,0,0,0,0,0,0,0,0,0,0,0,0,0,0,0,0,0,0,0,0,0,0,0,0,0,0,0,0,0,0,0,0,0,0,0,0,0,0,0,0,0,0,0,0,0,0,0,0,0,0,0,0,0,0,0,0,0,0,0,0,0,0,0,0,0,0,0,0,0,0
Send Notification by e-mail,Prepare Notification Content,0,0,0,0,0,0,0,0,0,0,0,0,0,0,0,0,0,0,0,0,0,0,0,0,0,0,0,0,0,0,0,0,0,0,0,0,0,0,0,0,0,0,0,0,0,0,0,0,0,0,0,0,0,0,0,0,0,0,0,0,0,0,0,0,0,0,0,0,0,0,0,0,0,0,0
Send Notification by e-mail,Receive Questionnaire Response,5,3,6,2,1,0,0,1,1,0,0,2,0,0,1,6,3,2,1,3,2,2,3,2,3,4,6,4,2,1,6,5,5,5,0,5,3,1,4,1,5,0,1,0,2,4,0,1,3,0,2,0,1,3,1,4,2,8,6,1,6,8,3,7,4,2,1,1,1,0,5,1,3,1,6
Send Notification by e-mail,Register,0,0,0,0,0,0,0,0,0,0,0,0,0,0,0,0,0,0,0,0,0,0,0,0,0,0,0,0,0,0,0,0,0,0,0,0,0,0,0,0,0,0,0,0,0,0,0,0,0,0,0,0,0,0,0,0,0,0,0,0,0,0,0,0,0,0,0,0,0,0,0,0,0,0,0
Send Notification by e-mail,Send Notification by Phone,6,4,4,6,2,9,5,8,12,13,4,12,15,3,8,4,5,8,5,4,8,11,6,9,7,7,4,8,8,9,17,14,16,10,23,21,14,10,11,17,13,8,22,25,16,4,0,0,0,0,0,0,0,0,0,0,0,0,0,0,5,15,7,3,4,7,0,3,10,4,2,4,9,10,11
Send Notification by e-mail,Send Notification by Post,6,9,9,5,11,8,5,6,11,9,7,4,12,11,8,5,7,9,2,7,6,9,4,8,7,4,3,4,10,9,11,21,18,12,14,11,21,11,16,19,13,13,16,18,15,15,0,0,0,0,0,0,0,0,0,0,0,0,0,0,4,15,11,9,10,2,5,6,7,6,6,5,9,8,14
Send Notification by e-mail,Send Notification by e-mail,0,0,0,0,0,0,0,0,0,0,0,0,0,0,0,0,0,0,0,0,0,0,0,0,0,0,0,0,0,0,0,0,0,0,0,0,0,0,0,0,0,0,0,0,0,0,0,0,0,0,0,0,0,0,0,0,0,0,0,0,0,0,0,0,0,0,0,0,0,0,0,0,0,0,0
Send Notification by e-mail,Send Questionnaire,10,18,19,24,26,22,23,15,16,12,25,16,17,19,21,15,22,19,24,18,18,14,13,15,19,11,18,17,18,18,17,15,23,23,23,25,17,26,30,15,24,35,17,19,24,15,7,25,19,21,26,21,19,21,16,17,19,6,13,17,14,17,15,15,28,34,35,26,16,26,31,34,35,33,76
Send Notification by e-mail,Skip Questionnaire,0,0,0,0,0,0,0,0,0,0,0,0,0,0,0,0,0,0,0,0,0,0,0,0,0,0,0,0,0,0,0,0,0,0,0,0,0,0,0,0,0,0,0,0,0,0,0,0,0,0,0,0,0,0,0,0,0,0,0,0,0,0,0,0,0,0,0,0,0,0,0,0,0,0,0
Send Questionnaire,Archive,0,0,0,0,0,0,0,0,0,0,0,0,0,0,0,0,0,0,0,0,0,0,0,0,0,0,0,0,0,0,0,0,0,0,0,0,0,0,0,0,0,0,0,0,0,0,0,0,0,0,0,0,0,0,0,0,0,0,0,0,0,0,0,0,0,0,0,0,0,0,0,0,0,0,0
Send Questionnaire,Contact Hospital,0,0,0,0,0,0,0,0,0,0,0,0,0,0,0,0,0,0,0,0,0,0,0,0,0,0,0,0,0,0,0,0,0,0,0,0,0,0,0,0,0,0,0,0,0,0,0,0,0,0,0,0,0,0,0,0,0,1,0,0,0,0,1,0,0,0,0,0,0,0,0,0,0,0,0
Send Questionnaire,Create Questionnaire,0,0,0,0,0,0,0,0,0,0,0,0,0,0,0,0,0,0,0,0,0,0,0,0,0,0,0,0,0,0,0,0,0,0,0,0,0,0,0,0,0,0,0,0,0,0,0,0,0,0,0,0,0,0,0,0,0,0,0,0,0,0,0,0,0,0,0,0,0,0,0,0,0,0,0
Send Questionnaire,High Insurance Check,0,0,0,0,0,0,0,0,0,0,0,0,0,0,0,0,0,0,0,0,0,0,0,0,0,1,0,0,0,0,0,0,0,0,0,0,0,0,0,0,0,0,0,0,0,0,0,1,0,0,0,0,0,0,0,3,0,0,0,1,2,2,1,1,0,0,0,0,0,0,0,0,0,0,0
Send Questionnaire,High Medical History,0,0,0,0,0,0,0,0,0,0,0,0,0,0,0,0,0,0,1,0,0,0,0,0,0,1,0,0,0,0,0,0,0,0,0,0,0,0,0,0,0,0,0,0,0,0,0,0,0,0,0,0,0,0,0,0,0,0,0,0,0,1,0,0,0,0,0,0,0,0,0,0,0,0,0
Send Questionnaire,Low Insurance Check,0,0,0,0,0,0,0,0,0,0,0,0,0,0,0,1,0,0,0,0,0,0,0,0,1,0,0,0,0,0,0,0,0,0,0,1,0,0,0,0,0,0,0,0,0,0,0,0,0,0,0,0,0,0,0,0,1,0,0,0,1,1,0,0,0,0,0,0,0,0,0,0,0,0,0
Send Questionnaire,Low Medical History,0,0,0,0,0,0,0,1,0,0,0,1,0,0,0,0,0,0,0,1,0,0,0,0,0,1,0,0,0,0,1,0,1,0,0,0,0,0,0,0,0,0,0,0,0,2,0,0,0,0,0,0,0,0,1,0,0,0,1,0,1,0,0,0,0,0,0,0,0,0,0,0,0,0,0
Send Questionnaire,Prepare Notification Content,7,1,2,1,0,0,0,1,0,1,0,0,0,0,0,5,3,1,1,4,2,1,3,1,0,2,3,3,1,0,6,0,0,1,1,1,2,1,1,1,0,0,0,2,1,3,3,0,1,3,1,5,1,3,4,9,3,12,7,2,7,4,8,2,1,0,0,2,2,0,0,0,1,0,0
Send Questionnaire,Receive Questionnaire Response,40,39,36,43,34,49,46,34,45,32,40,38,41,31,45,30,35,41,30,41,43,41,38,43,37,45,37,39,45,33,41,45,39,41,46,42,42,47,49,46,43,47,34,45,46,41,40,36,42,44,47,36,51,39,43,33,39,30,33,36,38,41,40,46,48,47,55,55,52,58,57,52,43,51,83
Send Questionnaire,Register,0,0,0,0,0,0,0,0,0,0,0,0,0,0,0,0,0,0,0,0,0,0,0,0,0,0,0,0,0,0,0,0,0,0,0,0,0,0,0,0,0,0,0,0,0,0,0,0,0,0,0,0,0,0,0,0,0,0,0,0,0,0,0,0,0,0,0,0,0,0,0,0,0,0,0
Send Questionnaire,Send Notification by Phone,1,2,2,0,2,0,1,0,1,0,0,0,0,0,0,6,1,2,4,1,0,3,1,2,3,4,2,0,2,0,7,2,6,7,4,3,0,3,4,1,4,1,4,0,1,1,1,0,0,0,0,0,1,2,2,3,0,2,3,3,4,6,8,4,2,4,1,1,6,0,3,1,3,4,4
Send Questionnaire,Send Notification by Post,4,2,3,2,0,1,1,1,1,0,0,0,0,0,0,3,0,2,1,2,3,1,4,2,3,4,1,4,1,3,6,4,5,4,3,3,1,1,3,3,2,3,2,4,0,2,0,0,1,0,1,0,1,2,2,5,2,5,5,4,4,7,9,5,4,2,1,2,3,0,2,7,0,0,3
Send Questionnaire,Send Notification by e-mail,5,3,4,2,0,0,0,1,1,0,0,2,0,0,1,3,2,2,2,4,1,1,3,2,2,1,5,3,2,1,6,3,3,5,0,4,2,1,3,1,4,1,1,0,2,3,0,1,3,0,2,0,1,2,1,3,2,5,4,1,4,10,2,6,4,2,1,1,1,0,5,1,4,1,4
Send Questionnaire,Send Questionnaire,0,0,0,0,0,0,0,0,0,0,0,0,0,0,0,0,0,0,0,0,0,0,0,0,0,0,0,0,0,0,0,0,0,0,0,0,0,0,0,0,0,0,0,0,0,0,0,0,0,0,0,0,0,0,0,0,0,0,0,0,0,0,0,0,0,0,0,0,0,0,0,0,0,0,0
Send Questionnaire,Skip Questionnaire,22,32,32,31,43,29,32,41,32,47,39,39,39,49,33,31,38,32,41,27,30,32,30,29,33,20,32,30,28,42,12,26,26,21,25,26,32,26,20,27,26,27,38,28,29,27,35,41,32,32,28,38,24,31,26,23,32,24,26,32,18,7,10,15,20,24,21,18,15,21,12,18,28,23,46
Skip Questionnaire,Archive,22,32,32,31,43,29,32,41,32,47,39,39,39,49,33,31,38,32,41,27,30,32,30,29,33,20,32,30,28,42,12,26,26,21,25,26,32,26,20,27,26,27,38,28,29,27,35,41,32,32,28,38,24,31,26,23,32,24,26,32,18,7,10,15,20,24,21,18,15,21,12,18,28,23,46
Skip Questionnaire,Contact Hospital,0,0,0,0,0,0,0,0,0,0,0,0,0,0,0,0,0,0,0,0,0,0,0,0,0,0,0,0,0,0,0,0,0,0,0,0,0,0,0,0,0,0,0,0,0,0,0,0,0,0,0,0,0,0,0,0,0,0,0,0,0,0,0,0,0,0,0,0,0,0,0,0,0,0,0
Skip Questionnaire,Create Questionnaire,0,0,0,0,0,0,0,0,0,0,0,0,0,0,0,0,0,0,0,0,0,0,0,0,0,0,0,0,0,0,0,0,0,0,0,0,0,0,0,0,0,0,0,0,0,0,0,0,0,0,0,0,0,0,0,0,0,0,0,0,0,0,0,0,0,0,0,0,0,0,0,0,0,0,0
Skip Questionnaire,High Insurance Check,0,0,0,0,0,0,0,0,0,0,0,0,0,0,0,0,0,0,0,0,0,0,0,0,0,0,0,0,0,0,0,0,0,0,0,0,0,0,0,0,0,0,0,0,0,0,0,0,0,0,0,0,0,0,0,0,0,0,0,0,0,0,0,0,0,0,0,0,0,0,0,0,0,0,0
Skip Questionnaire,High Medical History,0,0,0,0,0,0,0,0,0,0,0,0,0,0,0,0,0,0,0,0,0,0,0,0,0,0,0,0,0,0,0,0,0,0,0,0,0,0,0,0,0,0,0,0,0,0,0,0,0,0,0,0,0,0,0,0,0,0,0,0,0,0,0,0,0,0,0,0,0,0,0,0,0,0,0
Skip Questionnaire,Low Insurance Check,0,0,0,0,0,0,0,0,0,0,0,0,0,0,0,0,0,0,0,0,0,0,0,0,0,0,0,0,0,0,0,0,0,0,0,0,0,0,0,0,0,0,0,0,0,0,0,0,0,0,0,0,0,0,0,0,0,0,0,0,0,0,0,0,0,0,0,0,0,0,0,0,0,0,0
Skip Questionnaire,Low Medical History,0,0,0,0,0,0,0,0,0,0,0,0,0,0,0,0,0,0,0,0,0,0,0,0,0,0,0,0,0,0,0,0,0,0,0,0,0,0,0,0,0,0,0,0,0,0,0,0,0,0,0,0,0,0,0,0,0,0,0,0,0,0,0,0,0,0,0,0,0,0,0,0,0,0,0
Skip Questionnaire,Prepare Notification Content,0,0,0,0,0,0,0,0,0,0,0,0,0,0,0,0,0,0,0,0,0,0,0,0,0,0,0,0,0,0,0,0,0,0,0,0,0,0,0,0,0,0,0,0,0,0,0,0,0,0,0,0,0,0,0,0,0,0,0,0,0,0,0,0,0,0,0,0,0,0,0,0,0,0,0
Skip Questionnaire,Receive Questionnaire Response,0,0,0,0,0,0,0,0,0,0,0,0,0,0,0,0,0,0,0,0,0,0,0,0,0,0,0,0,0,0,0,0,0,0,0,0,0,0,0,0,0,0,0,0,0,0,0,0,0,0,0,0,0,0,0,0,0,0,0,0,0,0,0,0,0,0,0,0,0,0,0,0,0,0,0
Skip Questionnaire,Register,0,0,0,0,0,0,0,0,0,0,0,0,0,0,0,0,0,0,0,0,0,0,0,0,0,0,0,0,0,0,0,0,0,0,0,0,0,0,0,0,0,0,0,0,0,0,0,0,0,0,0,0,0,0,0,0,0,0,0,0,0,0,0,0,0,0,0,0,0,0,0,0,0,0,0
Skip Questionnaire,Send Notification by Phone,0,0,0,0,0,0,0,0,0,0,0,0,0,0,0,0,0,0,0,0,0,0,0,0,0,0,0,0,0,0,0,0,0,0,0,0,0,0,0,0,0,0,0,0,0,0,0,0,0,0,0,0,0,0,0,0,0,0,0,0,0,0,0,0,0,0,0,0,0,0,0,0,0,0,0
Skip Questionnaire,Send Notification by Post,0,0,0,0,0,0,0,0,0,0,0,0,0,0,0,0,0,0,0,0,0,0,0,0,0,0,0,0,0,0,0,0,0,0,0,0,0,0,0,0,0,0,0,0,0,0,0,0,0,0,0,0,0,0,0,0,0,0,0,0,0,0,0,0,0,0,0,0,0,0,0,0,0,0,0
Skip Questionnaire,Send Notification by e-mail,0,0,0,0,0,0,0,0,0,0,0,0,0,0,0,0,0,0,0,0,0,0,0,0,0,0,0,0,0,0,0,0,0,0,0,0,0,0,0,0,0,0,0,0,0,0,0,0,0,0,0,0,0,0,0,0,0,0,0,0,0,0,0,0,0,0,0,0,0,0,0,0,0,0,0
Skip Questionnaire,Send Questionnaire,0,0,0,0,0,0,0,0,0,0,0,0,0,0,0,0,0,0,0,0,0,0,0,0,0,0,0,0,0,0,0,0,0,0,0,0,0,0,0,0,0,0,0,0,0,0,0,0,0,0,0,0,0,0,0,0,0,0,0,0,0,0,0,0,0,0,0,0,0,0,0,0,0,0,0
Skip Questionnaire,Skip Questionnaire,0,0,0,0,0,0,0,0,0,0,0,0,0,0,0,0,0,0,0,0,0,0,0,0,0,0,0,0,0,0,0,0,0,0,0,0,0,0,0,0,0,0,0,0,0,0,0,0,0,0,0,0,0,0,0,0,0,0,0,0,0,0,0,0,0,0,0,0,0,0,0,0,0,0,0
